{
  "name": "angular-touch",
  "version": "1.3.15",
  "main": "./angular-touch.js",
  "ignore": [],
  "dependencies": {
    "angular": "1.3.15"
  },
  "homepage": "https://github.com/angular/bower-angular-touch",
  "_release": "1.3.15",
  "_resolution": {
    "type": "version",
    "tag": "v1.3.15",
    "commit": "952bc774b600d97318f253ce47491052b9c4f145"
  },
  "_source": "git://github.com/angular/bower-angular-touch.git",
  "_target": "~1.3.15",
  "_originalSource": "angular-touch",
  "_direct": true
}