{
  "name": "masonry",
  "version": "3.3.0",
  "description": "Cascading grid layout library",
  "main": "masonry.js",
  "dependencies": {
    "get-size": "~1.2.2",
    "outlayer": "~1.4.0",
    "fizzy-ui-utils": "~1.0.1"
  },
  "devDependencies": {
    "jquery-bridget": "1.1.x",
    "doc-ready": "1.x",
    "qunit": "^1.12",
    "jquery": ">=1.4.3 <2"
  },
  "ignore": [
    "examples/",
    "test/",
    "CONTRIBUTING.mdown",
    "Gruntfile.js",
    "package.json",
    "**/.*",
    "node_modules",
    "bower_components",
    "test",
    "tests"
  ],
  "homepage": "http://masonry.desandro.com",
  "authors": [
    "David DeSandro"
  ],
  "keywords": [
    "masonry",
    "layout",
    "outlayer"
  ],
  "license": "MIT",
  "moduleType": [
    "amd",
    "globals",
    "node"
  ],
  "_release": "3.3.0",
  "_resolution": {
    "type": "version",
    "tag": "v3.3.0",
    "commit": "04a7364bebcc3d361f9e3c276c897a57d4609898"
  },
  "_source": "git://github.com/desandro/masonry.git",
  "_target": "~3.3.0",
  "_originalSource": "jquery-masonry",
  "_direct": true
}